{
    "AgAD8gADVp29Cg": "CAACAgIAAxkBAAIKg19JxWa_TzDm5jNhF-DnH2Mt_uWqAALyAANWnb0KEJ2LdlN60mQbBA",
    "AgADCwADkK4qJw": "CAACAgEAAxkBAAIKil9JyEOmfR8cW1oFHjlBDr3C2SjxAAILAAOQrionuQt5YVjlVBQbBA",
    "AgAD9AADVp29Cg": "CAACAgIAAx0CVTI2wgABBOxEX0nI0AmZAp8EHN306WEqW0OsBgcAAvQAA1advQoRWLD12f1VSRsE",
    "AgADQwoAAmV1xQY": "CAACAgEAAxkBAAIKn19Jypd_7jkoAydlSKsbHW8PwiLnAAJDCgACZXXFBqrK6gmRGdhuGwQ",
    "AgADCQAD_ASSKA": "CAACAgEAAx0CVTI2wgABBOyoX0nPQyD1U9PJaeDLJ3xP6sWwrdoAAgkAA_wEkijf99kPpRozUxsE",
    "AgADTgADkK4qJw": "CAACAgEAAxkBAAIFYl9QNd3ry9AkKOOF2gc_ewTDU5N2AAJOAAOQrionlFWZLoVE9PEbBA"
}