{
    "1093905382": {
        "type": "priv",
        "nome": "......... ",
        "totalmsg": 0,
        "totalcon": 46,
        "cadastro": 1602778567,
        "last_msg": 1602957902,
        "username": "terrordelas",
        "adm": "true"
    },
    "988204999": {
        "type": "priv",
        "nome": "Chacal Zrmn",
        "totalmsg": 0,
        "totalcon": 0,
        "cadastro": 1602793225,
        "last_msg": 1602793225,
        "username": "chacaluU",
        "adm": "false"
    },
    "-1001429354178": {
        "type": "group",
        "title": "💎 SUPORTE WORLDPREMIUM-CHKS 💎",
        "username": "WORLDPREMIUMCHKSCENTRAL",
        "totalmsg": 0,
        "totalcon": 65,
        "cadastro": 1602793225,
        "last_msg": 1602957752,
        "usergrup": "WORLDPREMIUMCHKSCENTRAL"
    },
    "-1001326157387": {
        "type": null,
        "title": null,
        "totalcon": 7,
        "usergrup": null,
        "last_msg": 1602891798
    },
    "1133373868": {
        "type": "priv",
        "nome": "Mr ꠋꠋꠋꠋꠋꠋꠋꠋꠋꠋꠋꠋꠋꠋꠋꠋꠋꠋꠋꠋꠋꠋꠋꠋꠋꠋꠋꠋꠋꠋꠋꠋꠋꠋꠋꠋꠋꠋꠋꠋꠋꠋꠋꠋ𝓸𝓯𝓬",
        "totalmsg": 0,
        "totalcon": 0,
        "cadastro": 1602795094,
        "last_msg": 1602795094,
        "username": "MrRobotOfc",
        "adm": "false"
    },
    "1191458901": {
        "type": "priv",
        "nome": "̶F̶̶r̶̶u̶̶s̶̶t̶̶r̶̶a̶̶d̶̶o̶ ᵂᴼᴿᴸᴰᴾᴿᴱᴹᴵᵁᴹ-ᶜᴴᴷˢ",
        "totalmsg": 0,
        "totalcon": 0,
        "cadastro": 1602795220,
        "last_msg": 1602795220,
        "username": "Frustrado",
        "adm": "false"
    },
    "886827648": {
        "type": "priv",
        "nome": "DNLH ᵂᴼᴿᴸᴰᴾᴿᴱᴹᴵᵁᴹ-ᶜᴴᴷˢ ",
        "totalmsg": 0,
        "totalcon": 0,
        "cadastro": 1602795221,
        "last_msg": 1602795221,
        "username": "DNLH15",
        "adm": "false"
    },
    "1335232590": {
        "type": "priv",
        "nome": "Matx ",
        "totalmsg": 0,
        "totalcon": 0,
        "cadastro": 1602795222,
        "last_msg": 1602795222,
        "username": "matx01",
        "adm": "false"
    },
    "556035553": {
        "type": "priv",
        "nome": "#𝒢 𝑜 𝒹 𝓈 𝒪 𝓃 ",
        "totalmsg": 0,
        "totalcon": 0,
        "cadastro": 1602795224,
        "last_msg": 1602795224,
        "username": "Gods_On",
        "adm": "false"
    },
    "1379427930": {
        "type": "priv",
        "nome": "Anjo Caido",
        "totalmsg": 0,
        "totalcon": 0,
        "cadastro": 1602795228,
        "last_msg": 1602795228,
        "username": "Anjocaidonaterra",
        "adm": "false"
    },
    "913119681": {
        "type": "priv",
        "nome": "<Ak3> Daddin é o caralho meu nome é Zé Pequeno. ",
        "totalmsg": 0,
        "totalcon": 0,
        "cadastro": 1602795229,
        "last_msg": 1602795229,
        "username": "AK3_k3",
        "adm": "false"
    },
    "1106478846": {
        "type": "priv",
        "nome": "Alan Zoka",
        "totalmsg": 0,
        "totalcon": 0,
        "cadastro": 1602795236,
        "last_msg": 1602795236,
        "username": "AlanzokaGaMer",
        "adm": "false"
    },
    "934507106": {
        "type": "priv",
        "nome": "Nego Ney Oficial ᵂᴼᴿᴸᴰᴾᴿᴱᴹᴵᵁᴹ-ᶜᴴᴷˢ ㅤㅤㅤㅤㅤㅤ ᵃᵈᵐⁱⁿ",
        "totalmsg": 0,
        "totalcon": 0,
        "cadastro": 1602795238,
        "last_msg": 1602795238,
        "username": "negoneyoficial",
        "adm": "false"
    },
    "1225248574": {
        "type": "priv",
        "nome": "ＮＩＮＪＡ ϟ ϟ ",
        "totalmsg": 0,
        "totalcon": 0,
        "cadastro": 1602795240,
        "last_msg": 1602795240,
        "username": "EpyspOFC",
        "adm": "false"
    },
    "826135952": {
        "type": "priv",
        "nome": "ClarckBR {Tribal}",
        "totalmsg": 0,
        "totalcon": 0,
        "cadastro": 1602795246,
        "last_msg": 1602795246,
        "username": "ClarckBR",
        "adm": "false"
    },
    "1301710638": {
        "type": "priv",
        "nome": "Pai Das Aprovação ",
        "totalmsg": 0,
        "totalcon": 0,
        "cadastro": 1602795247,
        "last_msg": 1602795247,
        "username": "Opaidasaprovacoes",
        "adm": "false"
    },
    "863588330": {
        "type": "priv",
        "nome": "SixSeven Tips",
        "totalmsg": 0,
        "totalcon": 0,
        "cadastro": 1602795248,
        "last_msg": 1602795248,
        "username": "sixsevenconsultoria",
        "adm": "false"
    },
    "1106497094": {
        "type": "priv",
        "nome": "R O M U L O [THE@FLCN] ",
        "totalmsg": 0,
        "totalcon": 0,
        "cadastro": 1602795253,
        "last_msg": 1602795253,
        "username": "Romulo3s",
        "adm": "false"
    },
    "1165792879": {
        "type": "priv",
        "nome": "Phoxys Carder",
        "totalmsg": 0,
        "totalcon": 0,
        "cadastro": 1602795328,
        "last_msg": 1602795328,
        "username": "phoxyscc",
        "adm": "false"
    },
    "1213272292": {
        "type": "priv",
        "nome": "BOT CONSULTA",
        "totalmsg": 0,
        "totalcon": 0,
        "cadastro": 1602796326,
        "last_msg": 1602796326,
        "username": "Vitorplaya",
        "adm": "false"
    },
    "1386264385": {
        "type": "priv",
        "nome": "~ Caio [👑] ",
        "totalmsg": 0,
        "totalcon": 0,
        "cadastro": 1602796338,
        "last_msg": 1602796338,
        "username": "Akillxyz",
        "adm": "false"
    },
    "1017832163": {
        "type": "priv",
        "nome": "marcelo Canpos",
        "totalmsg": 0,
        "totalcon": 0,
        "cadastro": 1602796498,
        "last_msg": 1602796498,
        "username": "endakk",
        "adm": "false"
    },
    "1292279935": {
        "type": "priv",
        "nome": "leka ",
        "totalmsg": 0,
        "totalcon": 0,
        "cadastro": 1602796542,
        "last_msg": 1602796542,
        "username": "lekka07",
        "adm": "false"
    },
    "1356223758": {
        "type": "priv",
        "nome": "Mc poze do bolo ",
        "totalmsg": 0,
        "totalcon": 0,
        "cadastro": 1602796658,
        "last_msg": 1602796658,
        "username": "pozedubolo",
        "adm": "false"
    },
    "1048433879": {
        "type": "priv",
        "nome": "Dog Ram",
        "totalmsg": 0,
        "totalcon": 0,
        "cadastro": 1602796687,
        "last_msg": 1602796687,
        "username": "Pitpraker",
        "adm": "false"
    },
    "1328979453": {
        "type": "priv",
        "nome": "chefão cc full ",
        "totalmsg": 0,
        "totalcon": 0,
        "cadastro": 1602796820,
        "last_msg": 1602796820,
        "username": "ochefao666",
        "adm": "false"
    },
    "1342262867": {
        "type": "priv",
        "nome": "DIVULGADOR 007",
        "totalmsg": 0,
        "totalcon": 0,
        "cadastro": 1602796975,
        "last_msg": 1602796975,
        "username": "Filhote_Netflix",
        "adm": "false"
    },
    "1070046694": {
        "type": "priv",
        "nome": "Hitt ",
        "totalmsg": 0,
        "totalcon": 0,
        "cadastro": 1602797568,
        "last_msg": 1602797568,
        "username": "hittofc",
        "adm": "false"
    },
    "1353376803": {
        "type": "priv",
        "nome": "Italiano [ON ATÉ AS 17]",
        "totalmsg": 0,
        "totalcon": 0,
        "cadastro": 1602797617,
        "last_msg": 1602797617,
        "username": "itado7",
        "adm": "false"
    },
    "861206888": {
        "type": "priv",
        "nome": "ꚠ™ThEuS×͜×ΔLOGINSㄗ尺工V7༆༻ ",
        "totalmsg": 0,
        "totalcon": 0,
        "cadastro": 1602797807,
        "last_msg": 1602797807,
        "username": "logins_index_off",
        "adm": "false"
    },
    "1061438066": {
        "type": "priv",
        "nome": "Baruc ",
        "totalmsg": 0,
        "totalcon": 0,
        "cadastro": 1602797844,
        "last_msg": 1602797844,
        "username": "telasbaruc",
        "adm": "false"
    },
    "1295223114": {
        "type": "priv",
        "nome": "DA NBA[$CPV8]",
        "totalmsg": 0,
        "totalcon": 0,
        "cadastro": 1602797894,
        "last_msg": 1602797894,
        "username": "danba333",
        "adm": "false"
    },
    "1144571876": {
        "type": "priv",
        "nome": "cigano precoce ",
        "totalmsg": 0,
        "totalcon": 0,
        "cadastro": 1602797990,
        "last_msg": 1602797990,
        "username": "cigano_07",
        "adm": "false"
    },
    "899666614": {
        "type": "priv",
        "nome": "Bruno Souza",
        "totalmsg": 0,
        "totalcon": 0,
        "cadastro": 1602798101,
        "last_msg": 1602798101,
        "username": "souzabrunos",
        "adm": "false"
    },
    "909978035": {
        "type": "priv",
        "nome": "Rob LX",
        "totalmsg": 0,
        "totalcon": 0,
        "cadastro": 1602798422,
        "last_msg": 1602798422,
        "username": "roobj7",
        "adm": "false"
    },
    "910923243": {
        "type": "priv",
        "nome": "✞Ɍαẜαεℓ Јεៜυៜ✞ ",
        "totalmsg": 0,
        "totalcon": 0,
        "cadastro": 1602799185,
        "last_msg": 1602799185,
        "username": "realRafaelJesus",
        "adm": "false"
    },
    "1232736928": {
        "type": "priv",
        "nome": "Pirata ",
        "totalmsg": 0,
        "totalcon": 0,
        "cadastro": 1602799565,
        "last_msg": 1602799565,
        "username": "undefined",
        "adm": "false"
    },
    "200361069": {
        "type": "priv",
        "nome": "Edinho ",
        "totalmsg": 0,
        "totalcon": 0,
        "cadastro": 1602799663,
        "last_msg": 1602799663,
        "username": "Edinho8",
        "adm": "false"
    },
    "809053134": {
        "type": "priv",
        "nome": "🤡 PALHAÇO TATUADO 🤡 ",
        "totalmsg": 0,
        "totalcon": 0,
        "cadastro": 1602799781,
        "last_msg": 1602799781,
        "username": "palhaco_do171",
        "adm": "false"
    },
    "1184308103": {
        "type": "priv",
        "nome": "Jhon Nettt",
        "totalmsg": 0,
        "totalcon": 0,
        "cadastro": 1602799909,
        "last_msg": 1602799909,
        "username": "Jhonnett",
        "adm": "false"
    },
    "554834374": {
        "type": "priv",
        "nome": "SταℓєrƁℓαcк [ ҡɳɦ ] ",
        "totalmsg": 0,
        "totalcon": 2,
        "cadastro": 1602799944,
        "last_msg": 1602902673,
        "username": "StalerBlack",
        "adm": "false"
    },
    "1342260048": {
        "type": "priv",
        "nome": "rendex87 index81",
        "totalmsg": 0,
        "totalcon": 0,
        "cadastro": 1602800329,
        "last_msg": 1602800329,
        "username": "index81rendex87",
        "adm": "false"
    },
    "1024728079": {
        "type": "priv",
        "nome": "Melissa ᵂᴼᴿᴸᴰᴾᴿᴱᴹᴵᵁᴹ-ᶜᴴᴷˢ",
        "totalmsg": 0,
        "totalcon": 0,
        "cadastro": 1602800404,
        "last_msg": 1602800404,
        "username": "SraChagas10",
        "adm": "false"
    },
    "1041696659": {
        "type": "priv",
        "nome": "Leozin 171",
        "totalmsg": 0,
        "totalcon": 0,
        "cadastro": 1602800559,
        "last_msg": 1602800559,
        "username": "Leozin1533",
        "adm": "false"
    },
    "1160499740": {
        "type": "priv",
        "nome": "Aimee ",
        "totalmsg": 0,
        "totalcon": 0,
        "cadastro": 1602800573,
        "last_msg": 1602800573,
        "username": "AimeeBR",
        "adm": "false"
    },
    "890735384": {
        "type": "priv",
        "nome": "2.0 DU CORRE 》ŤÜĎØ ³《",
        "totalmsg": 0,
        "totalcon": 1,
        "cadastro": 1602800644,
        "last_msg": 1602800653,
        "username": "FF_DIMAS",
        "adm": "false"
    },
    "1217858173": {
        "type": "priv",
        "nome": "Hug ",
        "totalmsg": 0,
        "totalcon": 0,
        "cadastro": 1602800689,
        "last_msg": 1602800689,
        "username": "hugjkk",
        "adm": "false"
    },
    "1151210238": {
        "type": "priv",
        "nome": "cabeçudo ",
        "totalmsg": 0,
        "totalcon": 0,
        "cadastro": 1602800731,
        "last_msg": 1602800731,
        "username": "naosejaburro",
        "adm": "false"
    },
    "958851940": {
        "type": "priv",
        "nome": "Krawk ",
        "totalmsg": 0,
        "totalcon": 0,
        "cadastro": 1602801384,
        "last_msg": 1602801384,
        "username": "Krawk0171",
        "adm": "false"
    },
    "1061425463": {
        "type": "priv",
        "nome": "Wiz Khalifa",
        "totalmsg": 0,
        "totalcon": 0,
        "cadastro": 1602801930,
        "last_msg": 1602801930,
        "username": "WizKhaIifaa",
        "adm": "false"
    },
    "1393185457": {
        "type": "priv",
        "nome": "𝕬𝖓𝖉 𝕮𝖆𝖗𝖉𝖎𝖓𝖌 {Anti Society}",
        "totalmsg": 0,
        "totalcon": 19,
        "cadastro": 1602802016,
        "last_msg": 1602904212,
        "username": "andcarding",
        "adm": "false"
    },
    "1307749088": {
        "type": "priv",
        "nome": "Jelvana Parreira",
        "totalmsg": 0,
        "totalcon": 0,
        "cadastro": 1602802270,
        "last_msg": 1602802270,
        "username": "Vaimete",
        "adm": "false"
    },
    "1130421279": {
        "type": "priv",
        "nome": "kitei (Cøringa) ¹⁴",
        "totalmsg": 0,
        "totalcon": 0,
        "cadastro": 1602802299,
        "last_msg": 1602802299,
        "username": "FinnSheelby",
        "adm": "false"
    },
    "1298426520": {
        "type": "priv",
        "nome": "Luis Vendas 01 ",
        "totalmsg": 0,
        "totalcon": 0,
        "cadastro": 1602802591,
        "last_msg": 1602802591,
        "username": "Luisvendas",
        "adm": "false"
    },
    "1264077419": {
        "type": "priv",
        "nome": "AMARAL ",
        "totalmsg": 0,
        "totalcon": 2,
        "cadastro": 1602802595,
        "last_msg": 1602954288,
        "username": "AMARAL171",
        "adm": "false"
    },
    "1362073386": {
        "type": "priv",
        "nome": "ONLINE ",
        "totalmsg": 0,
        "totalcon": 0,
        "cadastro": 1602802605,
        "last_msg": 1602802605,
        "username": "ZKMEL",
        "adm": "false"
    },
    "1271733575": {
        "type": "priv",
        "nome": "Duquesa Lacerda",
        "totalmsg": 0,
        "totalcon": 0,
        "cadastro": 1602802711,
        "last_msg": 1602802711,
        "username": "DuquesaLacerda",
        "adm": "false"
    },
    "961969352": {
        "type": "priv",
        "nome": "Maicao ",
        "totalmsg": 0,
        "totalcon": 0,
        "cadastro": 1602802971,
        "last_msg": 1602802971,
        "username": "Maicao171",
        "adm": "false"
    },
    "904093620": {
        "type": "priv",
        "nome": "LoOstt On ",
        "totalmsg": 0,
        "totalcon": 0,
        "cadastro": 1602803733,
        "last_msg": 1602803733,
        "username": "LoOsttOn",
        "adm": "false"
    },
    "1226975383": {
        "type": "priv",
        "nome": "REIZINHO CC ONN",
        "totalmsg": 0,
        "totalcon": 0,
        "cadastro": 1602803868,
        "last_msg": 1602803868,
        "username": "reizinhocctop",
        "adm": "false"
    },
    "1178273890": {
        "type": "priv",
        "nome": "Bobobu árabe 4 ",
        "totalmsg": 0,
        "totalcon": 0,
        "cadastro": 1602803905,
        "last_msg": 1602803905,
        "username": "undefined",
        "adm": "false"
    },
    "1359817019": {
        "type": "priv",
        "nome": "♻️Shepe171>FTP< OF ",
        "totalmsg": 0,
        "totalcon": 0,
        "cadastro": 1602804472,
        "last_msg": 1602804472,
        "username": "Shepeard_RB",
        "adm": "false"
    },
    "1230733205": {
        "type": "priv",
        "nome": "Donald Trampos",
        "totalmsg": 0,
        "totalcon": 0,
        "cadastro": 1602804759,
        "last_msg": 1602804759,
        "username": "undefined",
        "adm": "false"
    },
    "1382646037": {
        "type": "priv",
        "nome": "Babuino do 7 ",
        "totalmsg": 0,
        "totalcon": 0,
        "cadastro": 1602804792,
        "last_msg": 1602804792,
        "username": "Babuinodo7",
        "adm": "false"
    },
    "1307085983": {
        "type": "priv",
        "nome": "JHON ",
        "totalmsg": 0,
        "totalcon": 0,
        "cadastro": 1602804934,
        "last_msg": 1602804934,
        "username": "Opaitaonnporras",
        "adm": "false"
    },
    "1336046877": {
        "type": "priv",
        "nome": "░Segabins Carding░ ░░░░░░░░░░░░░░",
        "totalmsg": 0,
        "totalcon": 0,
        "cadastro": 1602805142,
        "last_msg": 1602805142,
        "username": "Segabins_Carding",
        "adm": "false"
    },
    "1141112563": {
        "type": "priv",
        "nome": "Rick Sanchez",
        "totalmsg": 0,
        "totalcon": 0,
        "cadastro": 1602805267,
        "last_msg": 1602805267,
        "username": "Rick_Sanchez65",
        "adm": "false"
    },
    "1344339850": {
        "type": "priv",
        "nome": "caio henrique",
        "totalmsg": 0,
        "totalcon": 0,
        "cadastro": 1602805376,
        "last_msg": 1602805376,
        "username": "lukinhamf",
        "adm": "false"
    },
    "1384753587": {
        "type": "priv",
        "nome": "BN Silva ",
        "totalmsg": 0,
        "totalcon": 0,
        "cadastro": 1602805584,
        "last_msg": 1602805584,
        "username": "TurmadoBairroZ",
        "adm": "false"
    },
    "1119631043": {
        "type": "priv",
        "nome": "Sete7 ",
        "totalmsg": 0,
        "totalcon": 0,
        "cadastro": 1602805720,
        "last_msg": 1602805720,
        "username": "SeveNSix7",
        "adm": "false"
    },
    "871262258": {
        "type": "priv",
        "nome": "Anderson Rafael",
        "totalmsg": 0,
        "totalcon": 0,
        "cadastro": 1602806038,
        "last_msg": 1602806038,
        "username": "Anderson492",
        "adm": "false"
    },
    "915474229": {
        "type": "priv",
        "nome": "Rafael Freitas",
        "totalmsg": 0,
        "totalcon": 0,
        "cadastro": 1602806423,
        "last_msg": 1602806423,
        "username": "Faelzin69",
        "adm": "false"
    },
    "1120951335": {
        "type": "priv",
        "nome": "Vendas off ocupado responderei assim possivel ",
        "totalmsg": 0,
        "totalcon": 0,
        "cadastro": 1602806962,
        "last_msg": 1602806962,
        "username": "Deus1amem2",
        "adm": "false"
    },
    "1380972614": {
        "type": "priv",
        "nome": "Alexis Miranda",
        "totalmsg": 0,
        "totalcon": 0,
        "cadastro": 1602807142,
        "last_msg": 1602807142,
        "username": "undefined",
        "adm": "false"
    },
    "1045657832": {
        "type": "priv",
        "nome": "CJ ",
        "totalmsg": 0,
        "totalcon": 0,
        "cadastro": 1602808184,
        "last_msg": 1602808184,
        "username": "CJTRAMPOS",
        "adm": "false"
    },
    "1017532795": {
        "type": "priv",
        "nome": "3k♤ľëķinŇ ",
        "totalmsg": 0,
        "totalcon": 0,
        "cadastro": 1602808225,
        "last_msg": 1602808225,
        "username": "Ksantos0",
        "adm": "false"
    },
    "1104940663": {
        "type": "priv",
        "nome": ". ",
        "totalmsg": 0,
        "totalcon": 0,
        "cadastro": 1602808931,
        "last_msg": 1602808931,
        "username": "undefined",
        "adm": "false"
    },
    "1334514773": {
        "type": "priv",
        "nome": "seja o qui vc quiser",
        "totalmsg": 0,
        "totalcon": 0,
        "cadastro": 1602809226,
        "last_msg": 1602809226,
        "username": "undefined",
        "adm": "false"
    },
    "1273692170": {
        "type": "priv",
        "nome": "Paste Bin",
        "totalmsg": 0,
        "totalcon": 0,
        "cadastro": 1602809302,
        "last_msg": 1602809302,
        "username": "pastebinBR",
        "adm": "false"
    },
    "676911631": {
        "type": "priv",
        "nome": "Sako Kage ",
        "totalmsg": 0,
        "totalcon": 0,
        "cadastro": 1602810121,
        "last_msg": 1602810121,
        "username": "SakoKage",
        "adm": "false"
    },
    "1087920834": {
        "type": "priv",
        "nome": "TEMPLARIO ",
        "totalmsg": 0,
        "totalcon": 0,
        "cadastro": 1602810963,
        "last_msg": 1602810963,
        "username": "templarioapv",
        "adm": "false"
    },
    "1323184033": {
        "type": "priv",
        "nome": "dboinha ",
        "totalmsg": 0,
        "totalcon": 0,
        "cadastro": 1602811463,
        "last_msg": 1602811463,
        "username": "dboinha",
        "adm": "false"
    },
    "1144006876": {
        "type": "priv",
        "nome": "ROCHELLE ",
        "totalmsg": 0,
        "totalcon": 0,
        "cadastro": 1602811507,
        "last_msg": 1602811507,
        "username": "ROOCHELLY",
        "adm": "false"
    },
    "1194090761": {
        "type": "priv",
        "nome": "erica souza",
        "totalmsg": 0,
        "totalcon": 0,
        "cadastro": 1602811950,
        "last_msg": 1602811950,
        "username": "undefined",
        "adm": "false"
    },
    "1396086672": {
        "type": "priv",
        "nome": "𝙎𝘼𝙈 #171 (OFF)",
        "totalmsg": 0,
        "totalcon": 0,
        "cadastro": 1602812040,
        "last_msg": 1602812040,
        "username": "Samduzapikkkk",
        "adm": "false"
    },
    "1144244453": {
        "type": "priv",
        "nome": "Sergio Marquina Ccs full - VENDAS ON",
        "totalmsg": 0,
        "totalcon": 0,
        "cadastro": 1602812573,
        "last_msg": 1602812573,
        "username": "cardfuzil",
        "adm": "false"
    },
    "1127190255": {
        "type": "priv",
        "nome": "GRINGO 7K",
        "totalmsg": 0,
        "totalcon": 0,
        "cadastro": 1602812663,
        "last_msg": 1602812663,
        "username": "GRINGO7K",
        "adm": "false"
    },
    "1107903579": {
        "type": "priv",
        "nome": "DualRoot (ON)",
        "totalmsg": 0,
        "totalcon": 0,
        "cadastro": 1602812943,
        "last_msg": 1602812943,
        "username": "dualroot",
        "adm": "false"
    },
    "1065838373": {
        "type": "priv",
        "nome": "Homem Macaco Sem alma e coração♫",
        "totalmsg": 0,
        "totalcon": 0,
        "cadastro": 1602812975,
        "last_msg": 1602812975,
        "username": "Homem_macaco",
        "adm": "false"
    },
    "1357927823": {
        "type": "priv",
        "nome": "PIMP- GATE A VENDA....",
        "totalmsg": 0,
        "totalcon": 0,
        "cadastro": 1602812999,
        "last_msg": 1602812999,
        "username": "PimpCHEK1",
        "adm": "false"
    },
    "1360671814": {
        "type": "priv",
        "nome": "Aprendiz ",
        "totalmsg": 0,
        "totalcon": 0,
        "cadastro": 1602813023,
        "last_msg": 1602813023,
        "username": "ROOH09",
        "adm": "false"
    },
    "809774696": {
        "type": "priv",
        "nome": "Maike Maike",
        "totalmsg": 0,
        "totalcon": 0,
        "cadastro": 1602813627,
        "last_msg": 1602813627,
        "username": "undefined",
        "adm": "false"
    },
    "925013004": {
        "type": "priv",
        "nome": "Chilli Palmer ",
        "totalmsg": 0,
        "totalcon": 0,
        "cadastro": 1602813949,
        "last_msg": 1602813949,
        "username": "Elpalmerr",
        "adm": "false"
    },
    "1260883576": {
        "type": "priv",
        "nome": "Jean Pyerre",
        "totalmsg": 0,
        "totalcon": 0,
        "cadastro": 1602814178,
        "last_msg": 1602814178,
        "username": "undefined",
        "adm": "false"
    },
    "1041099879": {
        "type": "priv",
        "nome": "Mbello ",
        "totalmsg": 0,
        "totalcon": 0,
        "cadastro": 1602814703,
        "last_msg": 1602814703,
        "username": "Mbello1998",
        "adm": "false"
    },
    "1323394768": {
        "type": "priv",
        "nome": "Divulgador ",
        "totalmsg": 0,
        "totalcon": 0,
        "cadastro": 1602815986,
        "last_msg": 1602815986,
        "username": "Divulgadorrr",
        "adm": "false"
    },
    "1070990780": {
        "type": "priv",
        "nome": "Hd Externo",
        "totalmsg": 0,
        "totalcon": 0,
        "cadastro": 1602816576,
        "last_msg": 1602816576,
        "username": "undefined",
        "adm": "false"
    },
    "1085904970": {
        "type": "priv",
        "nome": "bené ",
        "totalmsg": 0,
        "totalcon": 0,
        "cadastro": 1602816754,
        "last_msg": 1602816754,
        "username": "fallendouruguai",
        "adm": "false"
    },
    "1039344065": {
        "type": "priv",
        "nome": "Jin Bank",
        "totalmsg": 0,
        "totalcon": 0,
        "cadastro": 1602816799,
        "last_msg": 1602816799,
        "username": "Lildex23",
        "adm": "false"
    },
    "1385342125": {
        "type": "priv",
        "nome": "HD EXTERNO",
        "totalmsg": 0,
        "totalcon": 0,
        "cadastro": 1602817242,
        "last_msg": 1602817242,
        "username": "hdexterno",
        "adm": "false"
    },
    "562843635": {
        "type": "priv",
        "nome": "Carlos Di Corleone",
        "totalmsg": 0,
        "totalcon": 0,
        "cadastro": 1602818523,
        "last_msg": 1602818523,
        "username": "carlodiaugusto",
        "adm": "false"
    },
    "1146576693": {
        "type": "priv",
        "nome": "GAARA vulgo Dona lurdes",
        "totalmsg": 0,
        "totalcon": 0,
        "cadastro": 1602818606,
        "last_msg": 1602818606,
        "username": "gaarinha",
        "adm": "false"
    },
    "186955285": {
        "type": "priv",
        "nome": "Markin Pastor",
        "totalmsg": 0,
        "totalcon": 0,
        "cadastro": 1602818992,
        "last_msg": 1602818992,
        "username": "MarkimLoLoo",
        "adm": "false"
    },
    "1197944183": {
        "type": "priv",
        "nome": "𝕬𝖗𝖑𝖊𝖖𝖚𝖎𝖓𝖆 𝕬 𝖇𝖆𝖓𝖉𝖎𝖉𝖆 {ƊƛƦƘԼƳƝ}",
        "totalmsg": 0,
        "totalcon": 31,
        "cadastro": 1602819068,
        "last_msg": 1602956674,
        "username": "Arlequinaabandida",
        "adm": "false"
    },
    "1224311230": {
        "type": "priv",
        "nome": "Dan ",
        "totalmsg": 0,
        "totalcon": 0,
        "cadastro": 1602819081,
        "last_msg": 1602819081,
        "username": "DanMods8z",
        "adm": "false"
    },
    "1096104180": {
        "type": "priv",
        "nome": "Pierre ",
        "totalmsg": 0,
        "totalcon": 0,
        "cadastro": 1602820623,
        "last_msg": 1602820623,
        "username": "Gugapi",
        "adm": "false"
    },
    "539999791": {
        "type": "priv",
        "nome": "Rshock ",
        "totalmsg": 0,
        "totalcon": 0,
        "cadastro": 1602821299,
        "last_msg": 1602821299,
        "username": "Rshock",
        "adm": "false"
    },
    "605988473": {
        "type": "priv",
        "nome": "Adriel Santos",
        "totalmsg": 0,
        "totalcon": 0,
        "cadastro": 1602822570,
        "last_msg": 1602822570,
        "username": "Vendasvps1",
        "adm": "false"
    },
    "1270894647": {
        "type": "priv",
        "nome": "ŁEØ₦💳 ",
        "totalmsg": 0,
        "totalcon": 0,
        "cadastro": 1602822948,
        "last_msg": 1602822948,
        "username": "Leon_ccs4",
        "adm": "false"
    },
    "1043678635": {
        "type": "priv",
        "nome": "</> 𝗡𝗲𝘁𝗼 TCHAU OBRIGADO; [MDK]",
        "totalmsg": 0,
        "totalcon": 0,
        "cadastro": 1602823615,
        "last_msg": 1602823615,
        "username": "netoUncoN",
        "adm": "false"
    },
    "1200481551": {
        "type": "priv",
        "nome": "Euro GUNZ",
        "totalmsg": 0,
        "totalcon": 0,
        "cadastro": 1602823929,
        "last_msg": 1602823929,
        "username": "Eurogunz",
        "adm": "false"
    },
    "1285575952": {
        "type": "priv",
        "nome": "Vicyor Ggh",
        "totalmsg": 0,
        "totalcon": 0,
        "cadastro": 1602824160,
        "last_msg": 1602824160,
        "username": "Matheusuehe",
        "adm": "false"
    },
    "142081907": {
        "type": "priv",
        "nome": "BrunO ",
        "totalmsg": 0,
        "totalcon": 7,
        "cadastro": 1602825496,
        "last_msg": 1602855407,
        "username": "negobt",
        "adm": "false"
    },
    "1390352529": {
        "type": "priv",
        "nome": "Magu ",
        "totalmsg": 0,
        "totalcon": 0,
        "cadastro": 1602825582,
        "last_msg": 1602825582,
        "username": "Maguzera",
        "adm": "false"
    },
    "1205094024": {
        "type": "priv",
        "nome": "Magma 171",
        "totalmsg": 0,
        "totalcon": 0,
        "cadastro": 1602826790,
        "last_msg": 1602826790,
        "username": "Magma171",
        "adm": "false"
    },
    "770386639": {
        "type": "priv",
        "nome": "AcidGood [HLP][MDK]",
        "totalmsg": 0,
        "totalcon": 0,
        "cadastro": 1602827670,
        "last_msg": 1602827670,
        "username": "AcidGood",
        "adm": "false"
    },
    "1087968824": {
        "type": "priv",
        "nome": "Group ",
        "totalmsg": 0,
        "totalcon": 0,
        "cadastro": 1602831990,
        "last_msg": 1602831990,
        "username": "GroupAnonymousBot",
        "adm": "false"
    },
    "-1001409725067": {
        "type": "group",
        "title": "GABRIELLA_SP༎ຶ‿༎ຶ",
        "username": "undefined",
        "totalmsg": 0,
        "totalcon": 0,
        "cadastro": 1602831990,
        "last_msg": 1602831990
    },
    "1164684770": {
        "type": "priv",
        "nome": "GRINGO 777",
        "totalmsg": 0,
        "totalcon": 0,
        "cadastro": 1602832811,
        "last_msg": 1602832811,
        "username": "GRINGO_71",
        "adm": "false"
    },
    "1342154821": {
        "type": "priv",
        "nome": "Parmida ",
        "totalmsg": 0,
        "totalcon": 0,
        "cadastro": 1602833040,
        "last_msg": 1602833040,
        "username": "undefined",
        "adm": "false"
    },
    "1164952956": {
        "type": "priv",
        "nome": "~{ⓑⓐⓡⓐⓝ ♤ ",
        "totalmsg": 0,
        "totalcon": 0,
        "cadastro": 1602833524,
        "last_msg": 1602833524,
        "username": "undefined",
        "adm": "false"
    },
    "1314368656": {
        "type": "priv",
        "nome": "Sarina das",
        "totalmsg": 0,
        "totalcon": 0,
        "cadastro": 1602834508,
        "last_msg": 1602834508,
        "username": "undefined",
        "adm": "false"
    },
    "1150254398": {
        "type": "priv",
        "nome": "𝗣𝗿𝗶𝗻𝗰𝗶𝗽𝗲𝗠 𝗠𝗲𝘁𝗼𝗱𝗼𝗦™√",
        "totalmsg": 0,
        "totalcon": 0,
        "cadastro": 1602834809,
        "last_msg": 1602834809,
        "username": "Missprofeta",
        "adm": "false"
    },
    "1138104368": {
        "type": "priv",
        "nome": "Nergizxo [RIP] ",
        "totalmsg": 0,
        "totalcon": 0,
        "cadastro": 1602837080,
        "last_msg": 1602837080,
        "username": "Nergizxo",
        "adm": "false"
    },
    "1154738803": {
        "type": "priv",
        "nome": "Sr Suly",
        "totalmsg": 0,
        "totalcon": 0,
        "cadastro": 1602837852,
        "last_msg": 1602837852,
        "username": "srsuly",
        "adm": "false"
    },
    "1210421139": {
        "type": "priv",
        "nome": "Daniel Estevam",
        "totalmsg": 0,
        "totalcon": 0,
        "cadastro": 1602838971,
        "last_msg": 1602838971,
        "username": "undefined",
        "adm": "false"
    },
    "1132455785": {
        "type": "priv",
        "nome": "hana ",
        "totalmsg": 0,
        "totalcon": 0,
        "cadastro": 1602840183,
        "last_msg": 1602840183,
        "username": "undefined",
        "adm": "false"
    },
    "1326261582": {
        "type": "priv",
        "nome": "S P I R I T NOTZCENTER",
        "totalmsg": 0,
        "totalcon": 0,
        "cadastro": 1602841842,
        "last_msg": 1602841842,
        "username": "SPIRIT071",
        "adm": "false"
    },
    "245872540": {
        "type": "priv",
        "nome": "𝗞𝗶𝗿𝗶𝘁𝗼 ",
        "totalmsg": 0,
        "totalcon": 0,
        "cadastro": 1602844622,
        "last_msg": 1602844622,
        "username": "KiritoOfficial",
        "adm": "false"
    },
    "1207613163": {
        "type": "priv",
        "nome": "Joel Alexssander",
        "totalmsg": 0,
        "totalcon": 0,
        "cadastro": 1602844964,
        "last_msg": 1602844964,
        "username": "undefined",
        "adm": "false"
    },
    "1302343706": {
        "type": "priv",
        "nome": "Gringo ",
        "totalmsg": 0,
        "totalcon": 0,
        "cadastro": 1602845791,
        "last_msg": 1602845791,
        "username": "GRINDO_013",
        "adm": "false"
    },
    "607665095": {
        "type": "priv",
        "nome": "𝚅 𝙸 𝚃 𝚄 [ _ < ]",
        "totalmsg": 0,
        "totalcon": 0,
        "cadastro": 1602845820,
        "last_msg": 1602845820,
        "username": "VICTOR_SSH",
        "adm": "false"
    },
    "1173492624": {
        "type": "priv",
        "nome": "Maicon (171)",
        "totalmsg": 0,
        "totalcon": 0,
        "cadastro": 1602846761,
        "last_msg": 1602846761,
        "username": "Maicon171",
        "adm": "false"
    },
    "799649710": {
        "type": "priv",
        "nome": "MERCENÁRIO ",
        "totalmsg": 0,
        "totalcon": 0,
        "cadastro": 1602846810,
        "last_msg": 1602846810,
        "username": "MERCENARIOSCC",
        "adm": "false"
    },
    "619457753": {
        "type": "priv",
        "nome": "𝓵. ",
        "totalmsg": 0,
        "totalcon": 0,
        "cadastro": 1602847076,
        "last_msg": 1602847076,
        "username": "xfshcx",
        "adm": "false"
    },
    "1000257115": {
        "type": "priv",
        "nome": "ꪀ꠸ᛕꪶꪖꪊᦓꫀᥴ [👑] ",
        "totalmsg": 0,
        "totalcon": 0,
        "cadastro": 1602848615,
        "last_msg": 1602848615,
        "username": "Niklausec",
        "adm": "false"
    },
    "1214149569": {
        "type": "priv",
        "nome": "Gbielkk ",
        "totalmsg": 0,
        "totalcon": 0,
        "cadastro": 1602848781,
        "last_msg": 1602848781,
        "username": "undefined",
        "adm": "false"
    },
    "1274457390": {
        "type": "priv",
        "nome": "Scala ³³⁷",
        "totalmsg": 0,
        "totalcon": 0,
        "cadastro": 1602849293,
        "last_msg": 1602849293,
        "username": "Scala337",
        "adm": "false"
    },
    "1256521925": {
        "type": "priv",
        "nome": "Madruga contas ㅤ ㅤ ㅤ ㅤ ㅤ ㅤ ㅤ ᵃᵈᵐⁱⁿ ",
        "totalmsg": 0,
        "totalcon": 0,
        "cadastro": 1602850211,
        "last_msg": 1602850211,
        "username": "madrugacontas",
        "adm": "false"
    },
    "678365815": {
        "type": "priv",
        "nome": "Vitinho #TC ",
        "totalmsg": 0,
        "totalcon": 0,
        "cadastro": 1602851012,
        "last_msg": 1602851012,
        "username": "HoMer678",
        "adm": "false"
    },
    "1017528951": {
        "type": "priv",
        "nome": "b2kb2k ",
        "totalmsg": 0,
        "totalcon": 0,
        "cadastro": 1602851320,
        "last_msg": 1602851320,
        "username": "b2kb2k2",
        "adm": "false"
    },
    "1243878751": {
        "type": "priv",
        "nome": "Oto dev",
        "totalmsg": 0,
        "totalcon": 0,
        "cadastro": 1602851393,
        "last_msg": 1602851393,
        "username": "undefined",
        "adm": "false"
    },
    "1112994322": {
        "type": "priv",
        "nome": "WARLOCK CC'S FULL 💳 ",
        "totalmsg": 0,
        "totalcon": 0,
        "cadastro": 1602851619,
        "last_msg": 1602851619,
        "username": "WARLOCKCCFULL",
        "adm": "false"
    },
    "912717075": {
        "type": "priv",
        "nome": "Perfect hackers",
        "totalmsg": 0,
        "totalcon": 0,
        "cadastro": 1602857473,
        "last_msg": 1602857473,
        "username": "undefined",
        "adm": "false"
    },
    "560529319": {
        "type": "priv",
        "nome": "Shard (Vulgo Gordão)",
        "totalmsg": 0,
        "totalcon": 0,
        "cadastro": 1602857474,
        "last_msg": 1602857474,
        "username": "shadbase01",
        "adm": "false"
    },
    "1230191161": {
        "type": "priv",
        "nome": "Tin Tim Laras",
        "totalmsg": 0,
        "totalcon": 0,
        "cadastro": 1602857476,
        "last_msg": 1602857476,
        "username": "Timtin001",
        "adm": "false"
    },
    "1074259600": {
        "type": "priv",
        "nome": "- -",
        "totalmsg": 0,
        "totalcon": 0,
        "cadastro": 1602857479,
        "last_msg": 1602857479,
        "username": "undefined",
        "adm": "false"
    },
    "971261067": {
        "type": "priv",
        "nome": ". ",
        "totalmsg": 0,
        "totalcon": 0,
        "cadastro": 1602857500,
        "last_msg": 1602857500,
        "username": "Sr_Lord_Das_Trevas",
        "adm": "false"
    },
    "1371705520": {
        "type": "priv",
        "nome": "LARAS MP VERIFICADAS",
        "totalmsg": 0,
        "totalcon": 0,
        "cadastro": 1602857503,
        "last_msg": 1602857503,
        "username": "LARASMERCADOPAGO",
        "adm": "false"
    },
    "725911430": {
        "type": "priv",
        "nome": "Bélica ",
        "totalmsg": 0,
        "totalcon": 0,
        "cadastro": 1602857508,
        "last_msg": 1602857508,
        "username": "unidunitt",
        "adm": "false"
    },
    "134170304": {
        "type": "priv",
        "nome": "vivo net+ ",
        "totalmsg": 0,
        "totalcon": 2,
        "cadastro": 1602858334,
        "last_msg": 1602870192,
        "username": "malmer12",
        "adm": "false"
    },
    "921015719": {
        "type": "priv",
        "nome": "C4ch0rr0n4 Master",
        "totalmsg": 0,
        "totalcon": 0,
        "cadastro": 1602858929,
        "last_msg": 1602858929,
        "username": "c4ch0rr0n4",
        "adm": "false"
    },
    "1343584455": {
        "type": "priv",
        "nome": "zx c",
        "totalmsg": 0,
        "totalcon": 0,
        "cadastro": 1602859302,
        "last_msg": 1602859302,
        "username": "undefined",
        "adm": "false"
    },
    "905537251": {
        "type": "priv",
        "nome": "Silva França",
        "totalmsg": 0,
        "totalcon": 0,
        "cadastro": 1602859653,
        "last_msg": 1602859653,
        "username": "fefegg",
        "adm": "false"
    },
    "685240695": {
        "type": "priv",
        "nome": "Leandro Costa",
        "totalmsg": 0,
        "totalcon": 0,
        "cadastro": 1602860232,
        "last_msg": 1602860232,
        "username": "undefined",
        "adm": "false"
    },
    "1296440494": {
        "type": "priv",
        "nome": "Dexter Trem",
        "totalmsg": 0,
        "totalcon": 0,
        "cadastro": 1602860280,
        "last_msg": 1602860280,
        "username": "DexterBR",
        "adm": "false"
    },
    "1004494797": {
        "type": "priv",
        "nome": "꧁𒅒SÁBIO TARADO𒅒꧂ ",
        "totalmsg": 0,
        "totalcon": 0,
        "cadastro": 1602860392,
        "last_msg": 1602860392,
        "username": "Anymous157157",
        "adm": "false"
    },
    "1193984218": {
        "type": "priv",
        "nome": "Athenas ",
        "totalmsg": 0,
        "totalcon": 0,
        "cadastro": 1602860558,
        "last_msg": 1602860558,
        "username": "AthenasG0d",
        "adm": "false"
    },
    "1305749846": {
        "type": "priv",
        "nome": "TECH_Skorzeny ",
        "totalmsg": 0,
        "totalcon": 0,
        "cadastro": 1602860949,
        "last_msg": 1602860949,
        "username": "HeilSkorzeny",
        "adm": "false"
    },
    "1165266591": {
        "type": "priv",
        "nome": "D3US [#Folgado] ",
        "totalmsg": 0,
        "totalcon": 0,
        "cadastro": 1602860999,
        "last_msg": 1602860999,
        "username": "Deus_Coderfo",
        "adm": "true"
    },
    "1008408805": {
        "type": "priv",
        "nome": "Snyks Diamond",
        "totalmsg": 0,
        "totalcon": 0,
        "cadastro": 1602861028,
        "last_msg": 1602861028,
        "username": "Snyk_171",
        "adm": "false"
    },
    "1278480676": {
        "type": "priv",
        "nome": "luz Da Serra",
        "totalmsg": 0,
        "totalcon": 0,
        "cadastro": 1602861171,
        "last_msg": 1602861171,
        "username": "luzdacerra",
        "adm": "false"
    },
    "613333024": {
        "type": "priv",
        "nome": "Renan Santos",
        "totalmsg": 0,
        "totalcon": 0,
        "cadastro": 1602862060,
        "last_msg": 1602862060,
        "username": "undefined",
        "adm": "false"
    },
    "1092599655": {
        "type": "priv",
        "nome": "PøSeidon ",
        "totalmsg": 0,
        "totalcon": 0,
        "cadastro": 1602862788,
        "last_msg": 1602862788,
        "username": "poseidonKs",
        "adm": "false"
    },
    "1357539764": {
        "type": "priv",
        "nome": "jgfh gf",
        "totalmsg": 0,
        "totalcon": 0,
        "cadastro": 1602863091,
        "last_msg": 1602863091,
        "username": "undefined",
        "adm": "false"
    },
    "755727432": {
        "type": "priv",
        "nome": "Coro.py ᵂᴼᴿᴸᴰᴾᴿᴱᴹᴵᵁᴹ-ᶜᴴᴷˢ",
        "totalmsg": 0,
        "totalcon": 0,
        "cadastro": 1602863417,
        "last_msg": 1602863417,
        "username": "coropyhton",
        "adm": "false"
    },
    "1160172236": {
        "type": "priv",
        "nome": "Iago ",
        "totalmsg": 0,
        "totalcon": 0,
        "cadastro": 1602863619,
        "last_msg": 1602863619,
        "username": "Iagoseara",
        "adm": "false"
    },
    "1233023983": {
        "type": "priv",
        "nome": "Skull ",
        "totalmsg": 0,
        "totalcon": 0,
        "cadastro": 1602863767,
        "last_msg": 1602863767,
        "username": "Skull_telasfake",
        "adm": "false"
    },
    "1232517418": {
        "type": "priv",
        "nome": "$Fontenele $",
        "totalmsg": 0,
        "totalcon": 0,
        "cadastro": 1602864837,
        "last_msg": 1602864837,
        "username": "Fontenele_lindoo",
        "adm": "false"
    },
    "1316616782": {
        "type": "priv",
        "nome": "Kauê Lunardello",
        "totalmsg": 0,
        "totalcon": 0,
        "cadastro": 1602864890,
        "last_msg": 1602864890,
        "username": "Kauelunardellooficial",
        "adm": "false"
    },
    "1329072040": {
        "type": "priv",
        "nome": "Maurilio Icard",
        "totalmsg": 0,
        "totalcon": 0,
        "cadastro": 1602864984,
        "last_msg": 1602864984,
        "username": "undefined",
        "adm": "false"
    },
    "1296107867": {
        "type": "priv",
        "nome": "Gu Santo'S",
        "totalmsg": 0,
        "totalcon": 0,
        "cadastro": 1602866591,
        "last_msg": 1602866591,
        "username": "Anderson4k",
        "adm": "false"
    },
    "1077201730": {
        "type": "priv",
        "nome": "Víctor Maia",
        "totalmsg": 0,
        "totalcon": 0,
        "cadastro": 1602867183,
        "last_msg": 1602867183,
        "username": "victormaia0",
        "adm": "false"
    },
    "1316322546": {
        "type": "priv",
        "nome": "BOB MARLÊ Eoxxbb",
        "totalmsg": 0,
        "totalcon": 0,
        "cadastro": 1602867406,
        "last_msg": 1602867406,
        "username": "Eoxxbb",
        "adm": "false"
    },
    "1205169538": {
        "type": "priv",
        "nome": "Danike ",
        "totalmsg": 0,
        "totalcon": 0,
        "cadastro": 1602868156,
        "last_msg": 1602868156,
        "username": "Problematiko",
        "adm": "false"
    },
    "864811430": {
        "type": "priv",
        "nome": "Ever ",
        "totalmsg": 0,
        "totalcon": 0,
        "cadastro": 1602868271,
        "last_msg": 1602868271,
        "username": "EverxD",
        "adm": "false"
    },
    "603271839": {
        "type": "priv",
        "nome": "lT©N¥l ",
        "totalmsg": 0,
        "totalcon": 0,
        "cadastro": 1602871216,
        "last_msg": 1602871216,
        "username": "lTonny",
        "adm": "false"
    },
    "771388424": {
        "type": "priv",
        "nome": "André Paulo",
        "totalmsg": 0,
        "totalcon": 0,
        "cadastro": 1602871602,
        "last_msg": 1602871602,
        "username": "Paulo133",
        "adm": "false"
    },
    "898371168": {
        "type": "priv",
        "nome": "1boamenina ",
        "totalmsg": 0,
        "totalcon": 0,
        "cadastro": 1602871702,
        "last_msg": 1602871702,
        "username": "umaboamenina",
        "adm": "false"
    },
    "1230776960": {
        "type": "priv",
        "nome": "Izaias Dias",
        "totalmsg": 0,
        "totalcon": 0,
        "cadastro": 1602871766,
        "last_msg": 1602871766,
        "username": "undefined",
        "adm": "false"
    },
    "988799537": {
        "type": "priv",
        "nome": "DOM TELAS 4K",
        "totalmsg": 0,
        "totalcon": 0,
        "cadastro": 1602872039,
        "last_msg": 1602872039,
        "username": "domtelas",
        "adm": "false"
    },
    "975374964": {
        "type": "priv",
        "nome": "Alwayss ",
        "totalmsg": 0,
        "totalcon": 0,
        "cadastro": 1602872372,
        "last_msg": 1602872372,
        "username": "always171",
        "adm": "false"
    },
    "1348168160": {
        "type": "priv",
        "nome": "ＳｒＭａｄｚ [ON]",
        "totalmsg": 0,
        "totalcon": 0,
        "cadastro": 1602872389,
        "last_msg": 1602872389,
        "username": "SrMadzofc",
        "adm": "false"
    },
    "1236141158": {
        "type": "priv",
        "nome": "Leandro Fuzzill",
        "totalmsg": 0,
        "totalcon": 0,
        "cadastro": 1602872943,
        "last_msg": 1602872943,
        "username": "Leandr04k",
        "adm": "false"
    },
    "996831662": {
        "type": "priv",
        "nome": "ytr hgfd",
        "totalmsg": 0,
        "totalcon": 0,
        "cadastro": 1602873404,
        "last_msg": 1602873404,
        "username": "undefined",
        "adm": "false"
    },
    "1159106909": {
        "type": "priv",
        "nome": "Thomas Shelby",
        "totalmsg": 0,
        "totalcon": 0,
        "cadastro": 1602873559,
        "last_msg": 1602873559,
        "username": "Shelby_Ltda",
        "adm": "false"
    },
    "1074086043": {
        "type": "priv",
        "nome": "Nickzss ",
        "totalmsg": 0,
        "totalcon": 0,
        "cadastro": 1602873568,
        "last_msg": 1602873568,
        "username": "Nickzsss",
        "adm": "false"
    },
    "1140295947": {
        "type": "priv",
        "nome": "Geno Brito",
        "totalmsg": 0,
        "totalcon": 0,
        "cadastro": 1602873586,
        "last_msg": 1602873586,
        "username": "undefined",
        "adm": "false"
    },
    "777000": {
        "type": "priv",
        "nome": "Telegram ",
        "totalmsg": 0,
        "totalcon": 0,
        "cadastro": 1602873910,
        "last_msg": 1602873910,
        "username": "undefined",
        "adm": "false"
    },
    "1289824047": {
        "type": "priv",
        "nome": "Daniel Roza",
        "totalmsg": 0,
        "totalcon": 0,
        "cadastro": 1602874159,
        "last_msg": 1602874159,
        "username": "undefined",
        "adm": "false"
    },
    "1215892783": {
        "type": "priv",
        "nome": "EDLOUG ",
        "totalmsg": 0,
        "totalcon": 0,
        "cadastro": 1602874223,
        "last_msg": 1602874223,
        "username": "TheLion62",
        "adm": "false"
    },
    "1311910265": {
        "type": "priv",
        "nome": "Jonathan Quiodine",
        "totalmsg": 0,
        "totalcon": 0,
        "cadastro": 1602874639,
        "last_msg": 1602874639,
        "username": "Jonathan122b",
        "adm": "false"
    },
    "1091143006": {
        "type": "priv",
        "nome": "ԲɛʆIPɛ PʀɛɱIUɱ ",
        "totalmsg": 0,
        "totalcon": 0,
        "cadastro": 1602876173,
        "last_msg": 1602876173,
        "username": "FELIPE_007",
        "adm": "false"
    },
    "526698181": {
        "type": "priv",
        "nome": "Marcos ",
        "totalmsg": 0,
        "totalcon": 0,
        "cadastro": 1602876581,
        "last_msg": 1602876581,
        "username": "marcoskfouri",
        "adm": "false"
    },
    "1174176574": {
        "type": "priv",
        "nome": "COMANDOS 【★🆉🆁™】【★🆇🅽™】 ",
        "totalmsg": 0,
        "totalcon": 0,
        "cadastro": 1602876745,
        "last_msg": 1602876745,
        "username": "undefined",
        "adm": "false"
    },
    "1205582623": {
        "type": "priv",
        "nome": "Danzo 🆙",
        "totalmsg": 0,
        "totalcon": 0,
        "cadastro": 1602876913,
        "last_msg": 1602876913,
        "username": "Danzolk",
        "adm": "false"
    },
    "1370272055": {
        "type": "priv",
        "nome": "disable ",
        "totalmsg": 0,
        "totalcon": 0,
        "cadastro": 1602877811,
        "last_msg": 1602877811,
        "username": "diableiroztt",
        "adm": "false"
    },
    "919129314": {
        "type": "priv",
        "nome": "KAMiKaZe SaKuRa",
        "totalmsg": 0,
        "totalcon": 0,
        "cadastro": 1602878373,
        "last_msg": 1602878373,
        "username": "KAMiKaZeOio",
        "adm": "false"
    },
    "1322954136": {
        "type": "priv",
        "nome": "Shypeer Vyrtgo Wakybs",
        "totalmsg": 0,
        "totalcon": 0,
        "cadastro": 1602878407,
        "last_msg": 1602878407,
        "username": "undefined",
        "adm": "false"
    },
    "1092831921": {
        "type": "priv",
        "nome": "ADM JP",
        "totalmsg": 0,
        "totalcon": 0,
        "cadastro": 1602878482,
        "last_msg": 1602878482,
        "username": "PauloJp190",
        "adm": "false"
    },
    "1018482440": {
        "type": "priv",
        "nome": "ᴋʀᴀᴛᴏs ",
        "totalmsg": 0,
        "totalcon": 0,
        "cadastro": 1602878671,
        "last_msg": 1602878671,
        "username": "Kratos56",
        "adm": "false"
    },
    "1299433026": {
        "type": "priv",
        "nome": "ClarckBR {M}",
        "totalmsg": 0,
        "totalcon": 0,
        "cadastro": 1602878832,
        "last_msg": 1602878832,
        "username": "undefined",
        "adm": "false"
    },
    "1395717608": {
        "type": "priv",
        "nome": "Maquina net",
        "totalmsg": 0,
        "totalcon": 0,
        "cadastro": 1602878868,
        "last_msg": 1602878868,
        "username": "undefined",
        "adm": "false"
    },
    "1235446102": {
        "type": "priv",
        "nome": "𝙼𝙸𝙽𝙰𝚃𝙾 ᴮᴿ么",
        "totalmsg": 0,
        "totalcon": 0,
        "cadastro": 1602879399,
        "last_msg": 1602879399,
        "username": "MINATOCRZ",
        "adm": "false"
    },
    "1248731335": {
        "type": "priv",
        "nome": "UPUP ",
        "totalmsg": 0,
        "totalcon": 0,
        "cadastro": 1602880555,
        "last_msg": 1602880555,
        "username": "Upupi_5",
        "adm": "false"
    },
    "931432842": {
        "type": "priv",
        "nome": "Bianca ",
        "totalmsg": 0,
        "totalcon": 0,
        "cadastro": 1602881065,
        "last_msg": 1602881065,
        "username": "ctraderc",
        "adm": "false"
    },
    "1374256434": {
        "type": "priv",
        "nome": "K2 ",
        "totalmsg": 0,
        "totalcon": 0,
        "cadastro": 1602881661,
        "last_msg": 1602881661,
        "username": "undefined",
        "adm": "false"
    },
    "1303986641": {
        "type": "priv",
        "nome": "®©™TACAZ™®© HUMILDE",
        "totalmsg": 0,
        "totalcon": 0,
        "cadastro": 1602881934,
        "last_msg": 1602881934,
        "username": "tacaz_077",
        "adm": "false"
    },
    "898031107": {
        "type": "priv",
        "nome": "DR MADARA",
        "totalmsg": 0,
        "totalcon": 0,
        "cadastro": 1602881988,
        "last_msg": 1602881988,
        "username": "MADARINHAA",
        "adm": "false"
    },
    "1351851917": {
        "type": "priv",
        "nome": "BAIANO ",
        "totalmsg": 0,
        "totalcon": 0,
        "cadastro": 1602882027,
        "last_msg": 1602882027,
        "username": "BAIANOkk",
        "adm": "false"
    },
    "825071314": {
        "type": "priv",
        "nome": "KING_SSH ",
        "totalmsg": 0,
        "totalcon": 0,
        "cadastro": 1602882176,
        "last_msg": 1602882176,
        "username": "king_ssh",
        "adm": "false"
    },
    "978826598": {
        "type": "priv",
        "nome": "Vinny ",
        "totalmsg": 0,
        "totalcon": 0,
        "cadastro": 1602883044,
        "last_msg": 1602883044,
        "username": "SlayerDcore",
        "adm": "false"
    },
    "1096068694": {
        "type": "priv",
        "nome": "Berlim ",
        "totalmsg": 0,
        "totalcon": 0,
        "cadastro": 1602883938,
        "last_msg": 1602883938,
        "username": "BERLIN809",
        "adm": "false"
    },
    "1265925684": {
        "type": "priv",
        "nome": "✅MixespertFF✅ DIMAS",
        "totalmsg": 0,
        "totalcon": 0,
        "cadastro": 1602884299,
        "last_msg": 1602884299,
        "username": "MixespertFF",
        "adm": "false"
    },
    "1040957251": {
        "type": "priv",
        "nome": "Vegas ",
        "totalmsg": 0,
        "totalcon": 0,
        "cadastro": 1602884706,
        "last_msg": 1602884706,
        "username": "Vegas171",
        "adm": "false"
    },
    "1335023194": {
        "type": "priv",
        "nome": "TECH_THEUS ",
        "totalmsg": 0,
        "totalcon": 0,
        "cadastro": 1602885124,
        "last_msg": 1602885124,
        "username": "Vendastech",
        "adm": "false"
    },
    "1103754291": {
        "type": "priv",
        "nome": "555 ;f",
        "totalmsg": 0,
        "totalcon": 0,
        "cadastro": 1602885820,
        "last_msg": 1602885820,
        "username": "undefined",
        "adm": "false"
    },
    "211446837": {
        "type": "priv",
        "nome": "Mc dam Mc",
        "totalmsg": 0,
        "totalcon": 0,
        "cadastro": 1602885861,
        "last_msg": 1602885861,
        "username": "ZapUser6708535505",
        "adm": "false"
    },
    "1211587170": {
        "type": "priv",
        "nome": "Ninja ",
        "totalmsg": 0,
        "totalcon": 0,
        "cadastro": 1602886176,
        "last_msg": 1602886176,
        "username": "oiiii_gh",
        "adm": "false"
    },
    "1214950591": {
        "type": "priv",
        "nome": "fg wdrw",
        "totalmsg": 0,
        "totalcon": 0,
        "cadastro": 1602887011,
        "last_msg": 1602887011,
        "username": "undefined",
        "adm": "false"
    },
    "1232206998": {
        "type": "priv",
        "nome": "Führer 卐 ",
        "totalmsg": 0,
        "totalcon": 0,
        "cadastro": 1602887149,
        "last_msg": 1602887149,
        "username": "Systemdown7",
        "adm": "false"
    },
    "1337517696": {
        "type": "priv",
        "nome": "Itachizinhuh Eterno",
        "totalmsg": 0,
        "totalcon": 0,
        "cadastro": 1602887278,
        "last_msg": 1602887278,
        "username": "Itachizinhuh",
        "adm": "false"
    },
    "1331877119": {
        "type": "priv",
        "nome": "Upa Cavalinho",
        "totalmsg": 0,
        "totalcon": 0,
        "cadastro": 1602887330,
        "last_msg": 1602887330,
        "username": "Upacavalinho",
        "adm": "false"
    },
    "1004910007": {
        "type": "priv",
        "nome": "Jogador😎 ",
        "totalmsg": 0,
        "totalcon": 0,
        "cadastro": 1602887358,
        "last_msg": 1602887358,
        "username": "jogadorbr",
        "adm": "false"
    },
    "1075480145": {
        "type": "priv",
        "nome": "✅GLS OFICIAL✅ ",
        "totalmsg": 0,
        "totalcon": 0,
        "cadastro": 1602887579,
        "last_msg": 1602887579,
        "username": "GLSFC",
        "adm": "false"
    },
    "1084375500": {
        "type": "priv",
        "nome": "Adrenalina 013",
        "totalmsg": 0,
        "totalcon": 0,
        "cadastro": 1602887609,
        "last_msg": 1602887609,
        "username": "Adrenalina13",
        "adm": "false"
    },
    "1364697983": {
        "type": "priv",
        "nome": "🇲 🇮 🇸 🇹 🇪 🇷 🇧 🇮 🇳 ",
        "totalmsg": 0,
        "totalcon": 0,
        "cadastro": 1602887902,
        "last_msg": 1602887902,
        "username": "MISTER_BIN_CHK",
        "adm": "false"
    },
    "1293319230": {
        "type": "priv",
        "nome": "75327 8357",
        "totalmsg": 0,
        "totalcon": 0,
        "cadastro": 1602888365,
        "last_msg": 1602888365,
        "username": "undefined",
        "adm": "false"
    },
    "1251786452": {
        "type": "priv",
        "nome": "Anjus ",
        "totalmsg": 0,
        "totalcon": 0,
        "cadastro": 1602888521,
        "last_msg": 1602888521,
        "username": "Anjus171",
        "adm": "false"
    },
    "764389706": {
        "type": "priv",
        "nome": "Marcos Vinicius ",
        "totalmsg": 0,
        "totalcon": 0,
        "cadastro": 1602888821,
        "last_msg": 1602888821,
        "username": "Mvsup",
        "adm": "false"
    },
    "1327150286": {
        "type": "priv",
        "nome": "REI DAS BINS ['ƊƛƦƘԼƳN'] King of Bins",
        "totalmsg": 0,
        "totalcon": 0,
        "cadastro": 1602888858,
        "last_msg": 1602888858,
        "username": "R3ID4SBIN5",
        "adm": "false"
    },
    "1386331614": {
        "type": "priv",
        "nome": "PICULOO ",
        "totalmsg": 0,
        "totalcon": 0,
        "cadastro": 1602889658,
        "last_msg": 1602889658,
        "username": "querocomevc",
        "adm": "false"
    },
    "899836891": {
        "type": "priv",
        "nome": "Felipe .Gov",
        "totalmsg": 0,
        "totalcon": 0,
        "cadastro": 1602889763,
        "last_msg": 1602889763,
        "username": "Psicobut",
        "adm": "false"
    },
    "1346172203": {
        "type": "priv",
        "nome": "BOGOTA ",
        "totalmsg": 0,
        "totalcon": 0,
        "cadastro": 1602889764,
        "last_msg": 1602889764,
        "username": "undefined",
        "adm": "false"
    },
    "845494925": {
        "type": "priv",
        "nome": "Elias ",
        "totalmsg": 0,
        "totalcon": 0,
        "cadastro": 1602889870,
        "last_msg": 1602889870,
        "username": "EBlanc133",
        "adm": "false"
    },
    "730605516": {
        "type": "priv",
        "nome": "Edmilson S",
        "totalmsg": 0,
        "totalcon": 0,
        "cadastro": 1602890511,
        "last_msg": 1602890511,
        "username": "Edmilson009",
        "adm": "false"
    },
    "1347891111": {
        "type": "priv",
        "nome": "CR7 DO 7 171",
        "totalmsg": 0,
        "totalcon": 0,
        "cadastro": 1602891198,
        "last_msg": 1602891198,
        "username": "CR7DO171",
        "adm": "false"
    },
    "1198840490": {
        "type": "priv",
        "nome": "𝕮𝖍𝖊𝖋𝖊 ",
        "totalmsg": 0,
        "totalcon": 0,
        "cadastro": 1602891465,
        "last_msg": 1602891465,
        "username": "chefe123",
        "adm": "false"
    },
    "1290053727": {
        "type": "priv",
        "nome": "maike👽 ",
        "totalmsg": 0,
        "totalcon": 0,
        "cadastro": 1602891881,
        "last_msg": 1602891881,
        "username": "maike88k",
        "adm": "false"
    },
    "1070895911": {
        "type": "priv",
        "nome": "H4D3Z ",
        "totalmsg": 0,
        "totalcon": 0,
        "cadastro": 1602891958,
        "last_msg": 1602891958,
        "username": "LORDHADES1327",
        "adm": "false"
    },
    "-1001330941820": {
        "type": "group",
        "title": "GRUOP OF CONSULTAS",
        "username": "consultasfds",
        "totalmsg": 0,
        "totalcon": 9,
        "cadastro": 1602891958,
        "last_msg": 1602958987,
        "usergrup": "consultasfds"
    },
    "723648075": {
        "type": "priv",
        "nome": "Seu Madruga Contas Premium oficial",
        "totalmsg": 0,
        "totalcon": 0,
        "cadastro": 1602892886,
        "last_msg": 1602892886,
        "username": "NETFLIXPREMUIN",
        "adm": "false"
    },
    "1304814774": {
        "type": "priv",
        "nome": "Melissa ",
        "totalmsg": 0,
        "totalcon": 0,
        "cadastro": 1602894063,
        "last_msg": 1602894063,
        "username": "undefined",
        "adm": "false"
    },
    "1009530001": {
        "type": "priv",
        "nome": "꧁ M A R T I N S꧂ ",
        "totalmsg": 0,
        "totalcon": 0,
        "cadastro": 1602894225,
        "last_msg": 1602894225,
        "username": "ADMMARTINS",
        "adm": "false"
    },
    "1290270962": {
        "type": "priv",
        "nome": "Edwin ",
        "totalmsg": 0,
        "totalcon": 0,
        "cadastro": 1602894353,
        "last_msg": 1602894353,
        "username": "edwin283",
        "adm": "false"
    },
    "1372753984": {
        "type": "priv",
        "nome": "Pai Tá Online ⌛ Foco é o Golpe 👨‍💻🚘",
        "totalmsg": 0,
        "totalcon": 0,
        "cadastro": 1602896074,
        "last_msg": 1602896074,
        "username": "Kakakakakaakaajajajaja",
        "adm": "false"
    },
    "1226988758": {
        "type": "priv",
        "nome": "Lucas Silva",
        "totalmsg": 0,
        "totalcon": 0,
        "cadastro": 1602896492,
        "last_msg": 1602896492,
        "username": "kr3_STRYKER",
        "adm": "false"
    },
    "1108565295": {
        "type": "priv",
        "nome": "Stifler Nobre",
        "totalmsg": 0,
        "totalcon": 0,
        "cadastro": 1602896957,
        "last_msg": 1602896957,
        "username": "undefined",
        "adm": "false"
    },
    "993243043": {
        "type": "priv",
        "nome": "Alcool 70",
        "totalmsg": 0,
        "totalcon": 0,
        "cadastro": 1602897139,
        "last_msg": 1602897139,
        "username": "Alcool70",
        "adm": "false"
    },
    "905371595": {
        "type": "priv",
        "nome": "netflix online ",
        "totalmsg": 0,
        "totalcon": 0,
        "cadastro": 1602897268,
        "last_msg": 1602897268,
        "username": "netflicool",
        "adm": "false"
    },
    "1175070758": {
        "type": "priv",
        "nome": "Santos ",
        "totalmsg": 0,
        "totalcon": 0,
        "cadastro": 1602897428,
        "last_msg": 1602897428,
        "username": "SantosNTF2",
        "adm": "false"
    },
    "1178327109": {
        "type": "priv",
        "nome": "@FIRMA FORTE $$$$$ Ccs,LOGINS,APROVAÇÕES,CURSOS ESQUEMAS PARA APROVAR FACIL,VALES C",
        "totalmsg": 0,
        "totalcon": 0,
        "cadastro": 1602897701,
        "last_msg": 1602897701,
        "username": "FIRMAFORTE",
        "adm": "false"
    },
    "1184866390": {
        "type": "priv",
        "nome": "Black Mamba",
        "totalmsg": 0,
        "totalcon": 0,
        "cadastro": 1602898976,
        "last_msg": 1602898976,
        "username": "blkmamba",
        "adm": "false"
    },
    "1376577378": {
        "type": "priv",
        "nome": "Escoba De Medelin",
        "totalmsg": 0,
        "totalcon": 0,
        "cadastro": 1602899003,
        "last_msg": 1602899003,
        "username": "Escoba01",
        "adm": "false"
    },
    "986897749": {
        "type": "priv",
        "nome": "Storm FF",
        "totalmsg": 0,
        "totalcon": 0,
        "cadastro": 1602899789,
        "last_msg": 1602899789,
        "username": "storm_sks",
        "adm": "false"
    },
    "1158966290": {
        "type": "priv",
        "nome": "Samael Junior ",
        "totalmsg": 0,
        "totalcon": 0,
        "cadastro": 1602900754,
        "last_msg": 1602900754,
        "username": "samaeljunior1234",
        "adm": "false"
    },
    "1255670774": {
        "type": "priv",
        "nome": "Das Mulher",
        "totalmsg": 0,
        "totalcon": 0,
        "cadastro": 1602901504,
        "last_msg": 1602901504,
        "username": "undefined",
        "adm": "false"
    },
    "1310233689": {
        "type": "priv",
        "nome": "Candinho ",
        "totalmsg": 0,
        "totalcon": 0,
        "cadastro": 1602901527,
        "last_msg": 1602901527,
        "username": "undefined",
        "adm": "false"
    },
    "939070910": {
        "type": "priv",
        "nome": "Sherlock Slck",
        "totalmsg": 0,
        "totalcon": 0,
        "cadastro": 1602901983,
        "last_msg": 1602901983,
        "username": "Sherlock1s",
        "adm": "false"
    },
    "1346306594": {
        "type": "priv",
        "nome": "Lula7 ",
        "totalmsg": 0,
        "totalcon": 0,
        "cadastro": 1602903185,
        "last_msg": 1602903185,
        "username": "Lulaladra0",
        "adm": "false"
    },
    "700002006": {
        "type": "priv",
        "nome": "THimports ",
        "totalmsg": 0,
        "totalcon": 0,
        "cadastro": 1602903421,
        "last_msg": 1602903421,
        "username": "THimports",
        "adm": "false"
    },
    "383088452": {
        "type": "priv",
        "nome": "Guuiii ",
        "totalmsg": 0,
        "totalcon": 0,
        "cadastro": 1602903669,
        "last_msg": 1602903669,
        "username": "guuiiii",
        "adm": "false"
    },
    "133291616": {
        "type": "priv",
        "nome": "Vinicius Araujo ",
        "totalmsg": 0,
        "totalcon": 0,
        "cadastro": 1602904377,
        "last_msg": 1602904377,
        "username": "xxgtaxxt",
        "adm": "false"
    },
    "1389603019": {
        "type": "priv",
        "nome": "Hack ",
        "totalmsg": 0,
        "totalcon": 0,
        "cadastro": 1602904746,
        "last_msg": 1602904746,
        "username": "Fr3dson",
        "adm": "false"
    },
    "999511081": {
        "type": "priv",
        "nome": "🌀 WILL_VPN 🌀 ",
        "totalmsg": 0,
        "totalcon": 0,
        "cadastro": 1602906473,
        "last_msg": 1602906473,
        "username": "will_vpn",
        "adm": "false"
    },
    "738354332": {
        "type": "priv",
        "nome": "Brendho Designer ",
        "totalmsg": 0,
        "totalcon": 0,
        "cadastro": 1602906557,
        "last_msg": 1602906557,
        "username": "undefined",
        "adm": "false"
    },
    "1390590616": {
        "type": "priv",
        "nome": "JOVEM DEXX ",
        "totalmsg": 0,
        "totalcon": 0,
        "cadastro": 1602907136,
        "last_msg": 1602907136,
        "username": "dexxmgr",
        "adm": "false"
    },
    "603947926": {
        "type": "priv",
        "nome": "ЯΛMӨП ^™ KING-OFF-GGS",
        "totalmsg": 0,
        "totalcon": 0,
        "cadastro": 1602907408,
        "last_msg": 1602907408,
        "username": "RamonZito71",
        "adm": "false"
    },
    "1190229900": {
        "type": "priv",
        "nome": "fghd asr",
        "totalmsg": 0,
        "totalcon": 0,
        "cadastro": 1602908587,
        "last_msg": 1602908587,
        "username": "undefined",
        "adm": "false"
    },
    "1068033664": {
        "type": "priv",
        "nome": "PQP MICHELE MENDES (RECARGA FREE FIRE ON)",
        "totalmsg": 0,
        "totalcon": 0,
        "cadastro": 1602909447,
        "last_msg": 1602909447,
        "username": "MM120GRAMAS",
        "adm": "false"
    },
    "848014973": {
        "type": "priv",
        "nome": "Bяαgσσ 171 {GG ELO BALA R$ 5} ",
        "totalmsg": 0,
        "totalcon": 0,
        "cadastro": 1602909707,
        "last_msg": 1602909707,
        "username": "bragoovendas",
        "adm": "false"
    },
    "766625126": {
        "type": "priv",
        "nome": "P.U União ",
        "totalmsg": 0,
        "totalcon": 0,
        "cadastro": 1602909964,
        "last_msg": 1602909964,
        "username": "DaNH155",
        "adm": "false"
    },
    "1022719253": {
        "type": "priv",
        "nome": "Maecos Silva",
        "totalmsg": 0,
        "totalcon": 0,
        "cadastro": 1602910011,
        "last_msg": 1602910011,
        "username": "mayctubes",
        "adm": "false"
    },
    "1165777566": {
        "type": "priv",
        "nome": "f ds",
        "totalmsg": 0,
        "totalcon": 0,
        "cadastro": 1602911497,
        "last_msg": 1602911497,
        "username": "undefined",
        "adm": "false"
    },
    "367632753": {
        "type": "priv",
        "nome": "꧁神 愛 永遠꧂❤JESUS CRISTO AMOR ETERNO❤ ",
        "totalmsg": 0,
        "totalcon": 0,
        "cadastro": 1602919698,
        "last_msg": 1602919698,
        "username": "Carlos_Guardiao",
        "adm": "false"
    },
    "1371084644": {
        "type": "priv",
        "nome": "Pernalonga ",
        "totalmsg": 0,
        "totalcon": 0,
        "cadastro": 1602926278,
        "last_msg": 1602926278,
        "username": "pernalongalogins",
        "adm": "false"
    },
    "942007321": {
        "type": "priv",
        "nome": "ㅤ ㅤ ㅤ ㅤ 🐃🐃🐃🐃🐃🐃🐃🐃🐃🐃🐃🐃🐃🐃🐃🐃🐃🐃🐃🐃🐃🐃🐃🐃🐃🐃🐃 🐃🐃🐃🐃🐃🐃🐂🐃🐃🐃🐃🐃🐃🐃🐂🐃🐃🐃🐃🐃🐃🐃🐃🐃🐃🐃🐃🐂 ",
        "totalmsg": 0,
        "totalcon": 0,
        "cadastro": 1602927229,
        "last_msg": 1602927229,
        "username": "Reigif",
        "adm": "false"
    },
    "626889929": {
        "type": "priv",
        "nome": "Gilton Barbosa",
        "totalmsg": 0,
        "totalcon": 0,
        "cadastro": 1602936255,
        "last_msg": 1602936255,
        "username": "Netfree009",
        "adm": "false"
    },
    "1040825064": {
        "type": "priv",
        "nome": "Matrix cc E contas e laras",
        "totalmsg": 0,
        "totalcon": 1,
        "cadastro": 1602937864,
        "last_msg": 1602937926,
        "username": "undefined",
        "adm": "false"
    },
    "807674571": {
        "type": "priv",
        "nome": "Marcos Junior",
        "totalmsg": 0,
        "totalcon": 0,
        "cadastro": 1602938192,
        "last_msg": 1602938192,
        "username": "MARCOS_CONTAS",
        "adm": "false"
    },
    "1378419398": {
        "type": "priv",
        "nome": "Diego Carval",
        "totalmsg": 0,
        "totalcon": 0,
        "cadastro": 1602939731,
        "last_msg": 1602939731,
        "username": "diegocarval",
        "adm": "false"
    },
    "1148533927": {
        "type": "priv",
        "nome": "big da Zo ",
        "totalmsg": 0,
        "totalcon": 0,
        "cadastro": 1602940154,
        "last_msg": 1602940154,
        "username": "bigdazo",
        "adm": "false"
    },
    "1053070633": {
        "type": "priv",
        "nome": "Josue Santos",
        "totalmsg": 0,
        "totalcon": 0,
        "cadastro": 1602941564,
        "last_msg": 1602941564,
        "username": "Gamer123Az",
        "adm": "false"
    },
    "1373815924": {
        "type": "priv",
        "nome": "lider das Ccs",
        "totalmsg": 0,
        "totalcon": 0,
        "cadastro": 1602942647,
        "last_msg": 1602942647,
        "username": "liderdascc5",
        "adm": "false"
    },
    "1379730399": {
        "type": "priv",
        "nome": "Viny Sempai MÉTODOS",
        "totalmsg": 0,
        "totalcon": 0,
        "cadastro": 1602945942,
        "last_msg": 1602945942,
        "username": "VinySempaiMetodos",
        "adm": "false"
    },
    "1209966457": {
        "type": "priv",
        "nome": "💕❤️Biazinha Sad🖤",
        "totalmsg": 0,
        "totalcon": 0,
        "cadastro": 1602945993,
        "last_msg": 1602945993,
        "username": "BiazinhaSad",
        "adm": "false"
    },
    "823560198": {
        "type": "priv",
        "nome": "Master Bank ",
        "totalmsg": 0,
        "totalcon": 0,
        "cadastro": 1602946130,
        "last_msg": 1602946130,
        "username": "MasterBankers",
        "adm": "false"
    },
    "756768128": {
        "type": "priv",
        "nome": "{SUJAO DEPRESSOR} ",
        "totalmsg": 0,
        "totalcon": 0,
        "cadastro": 1602946531,
        "last_msg": 1602946531,
        "username": "preto_da_death_row",
        "adm": "false"
    },
    "865160843": {
        "type": "priv",
        "nome": "Sam Sam",
        "totalmsg": 0,
        "totalcon": 0,
        "cadastro": 1602946936,
        "last_msg": 1602946936,
        "username": "Sam_john",
        "adm": "false"
    },
    "-1001464897056": {
        "type": "group",
        "title": "CoD_Hackear💻📱",
        "username": "undefined",
        "totalmsg": 0,
        "totalcon": 0,
        "cadastro": 1602946936,
        "last_msg": 1602946936
    },
    "472031969": {
        "type": "priv",
        "nome": "La Buse ",
        "totalmsg": 0,
        "totalcon": 0,
        "cadastro": 1602948053,
        "last_msg": 1602948053,
        "username": "LaBuse",
        "adm": "false"
    },
    "1083560950": {
        "type": "priv",
        "nome": "BlueBlack ",
        "totalmsg": 0,
        "totalcon": 0,
        "cadastro": 1602948407,
        "last_msg": 1602948407,
        "username": "BlueBlacke",
        "adm": "false"
    },
    "1280835830": {
        "type": "priv",
        "nome": "Zinho ",
        "totalmsg": 0,
        "totalcon": 0,
        "cadastro": 1602951834,
        "last_msg": 1602951834,
        "username": "JapaZin",
        "adm": "false"
    },
    "695940235": {
        "type": "priv",
        "nome": "Cleverson ",
        "totalmsg": 0,
        "totalcon": 0,
        "cadastro": 1602952249,
        "last_msg": 1602952249,
        "username": "undefined",
        "adm": "false"
    },
    "1085707928": {
        "type": "priv",
        "nome": "Kleber Silva",
        "totalmsg": 0,
        "totalcon": 0,
        "cadastro": 1602953760,
        "last_msg": 1602953760,
        "username": "Bills_jack",
        "adm": "false"
    },
    "726101236": {
        "type": "priv",
        "nome": "[ I am NOBODY ] ✓©✓ I am NOBODY",
        "totalmsg": 0,
        "totalcon": 0,
        "cadastro": 1602954553,
        "last_msg": 1602954553,
        "username": "nobodytheworld",
        "adm": "false"
    },
    "701050994": {
        "type": "priv",
        "nome": "tales ",
        "totalmsg": 0,
        "totalcon": 0,
        "cadastro": 1602955733,
        "last_msg": 1602955733,
        "username": "undefined",
        "adm": "false"
    },
    "464536330": {
        "type": "priv",
        "nome": "[¥∆]W4rkChks™ ",
        "totalmsg": 0,
        "totalcon": 0,
        "cadastro": 1602956366,
        "last_msg": 1602956366,
        "username": "W4rkChks",
        "adm": "false"
    },
    "448517798": {
        "type": "priv",
        "nome": "Müller Leal",
        "totalmsg": 0,
        "totalcon": 0,
        "cadastro": 1602958096,
        "last_msg": 1602958096,
        "username": "Mgforce13",
        "adm": "false"
    },
    "1037968243": {
        "type": "priv",
        "nome": "Daniel Henrique",
        "totalmsg": 0,
        "totalcon": 0,
        "cadastro": 1602958859,
        "last_msg": 1602958859,
        "username": "undefined",
        "adm": "false"
    },
    "1003475457": {
        "type": "priv",
        "nome": "VENDO DROGAS 🐅 ",
        "totalmsg": 0,
        "totalcon": 0,
        "cadastro": 1602958966,
        "last_msg": 1602958966,
        "username": "cocainapura",
        "adm": "false"
    },
    "1280954925": {
        "type": "priv",
        "nome": "Fërnando Silva",
        "totalmsg": 0,
        "totalcon": 0,
        "cadastro": 1602959234,
        "last_msg": 1602959234,
        "username": "undefined",
        "adm": "false"
    }
}